{
    "loss": 2.188727378845215,
    "accuracy": 0.08561643958091736
}